Maria Silva;msilva;qW3rTy9$
João Santos;jsantos;P@ssw0rd
Ana Oliveira;aoliveira;7Hb*2@y
Pedro Rodrigues;prodrigues;S3gur@nh@
Carolina Almeida;calmeida;B6x#pK8!
Lucas Pereira;lpereira;J9t$Fg5m
Beatriz Costa;bcosta;D2r*Hn1#
Gabriel Fernandes;gfernandes;K4l#jM0z
Isabella Ferreira;iferreira;V8n$Qb2a
Rafaela Sousa;rsousa;X1c@Rv6z
Felipe Gomes;fgomes;Y5x#Np2@
Juliana Martins;jmartins;M6q@Bw9e
André Castro;acastro;T3s*Zv7g
Larissa Oliveira;loliveira;H0p@Xc4q
Guilherme Santos;gsantos;F7g*Yb5m
Camila Silva;csilva;R4d@Gt9h
Marcelo Costa;mcosta;W9k*Pj6s
Giovanna Pereira;gpereira;N2j@Qk5t
Leonardo Carvalho;lcarvalho;U1n@Zm7x
Isadora Rodrigues;irodrigues;I8b@Lt3w
Thiago Ferreira;tferreira;O5s@Dn8u
Mariana Almeida;malmeida;E2w@Kl9i
Gabriel Ribeiro;gribeiro;L3c@St6r
Letícia Lima;llima;P4d@Om7n
Vinicius Castro;vcastro;A5g@Fb8k
Manuela Santos;msantos;H9y@Wq2v
Lucas Oliveira;loliveira;N6d@Cm4x
Sophia Sousa;ssousa;B8s@Yh3g
Rafaela Silva;rsilva;J7v@Er4f
Mateus Costa;mcosta;T4g@Rp9o
Helena Ferreira;hferreira;K3b@Xn5u
Gustavo Santos;gsantos;Q2m@Vp7j
Laura Almeida;lalmeida;S5n@Zo8b
Pedro Rodrigues;prodrigues;L4o@Yu7j
Isabela Lima;ilima;W7s@Kn2h
Felipe Oliveira;foliveira;M8d@Bg5t
Camila Castro;ccastro;Z6f@Op9j
Matheus Costa;mcosta;X3w@Dl6s
Ana Martins;amartins;G5t@Hf7b
Lucas Silva;lsilva;V7u@Pt3y
Sofia Pereira;spereira;Q5w@Ym8k
Gabriel Santos;gsantos;C6b@En2r
Beatriz Lima;blima;R9y@Lq2t
Davi Ferreira;dferreira;N8i@Tf6g
Manuela Costa;mcosta;S4f@Zp7r
Pedro Almeida;palmeida;L5j@Hb9w
Isabella Rodrigues;irodrigues;W3s@Rm8v
Enzo Castro;ecastro;F4b@Gn9k
Laura Oliveira;loliveira;J7n@Xq4w
Matheus Silva;msilva;Y3t@Hr6k
Maria Martins;mmartins;O8y@St3q
Gabriel Ribeiro;gribeiro;Z9p@Ku5v
Helena Lima;hlima;B7f@Mp2n
João Costa;jcosta;I6d@Pw4g
Ana Sousa;asousa;U3k@Fn9r
Leonardo Santos;lsantos;Q6h@Rm2t
Mariana Castro;mcastro;T7n@Qs4y
Guilherme Ferreira;gferreira;W4e@Kn7i
Letícia Almeida;lalmeida;D9r@Ys6u
Sophia Pereira;spereira;E7q@Bm3v
Lucas Oliveira;loliveira;G4b@Zp9s
Beatriz Lima;blima;K2w@On8f
Matheus Castro;mcastro;V6t@Fq7b
Isabela Martins;imartins;M5k@Tj8h
Rafael Santos;rsantos;X4w@Lb6r
Laura Ribeiro;lribeiro;C8f@Xg5p
Gustavo Silva;gsilva;A7s@Hn3j
Mariana Costa;mcosta;Y6e@Ur4q
Pedro Ferreira;pferreira;R3h@Tm5k
Helena Sousa;hsousa;W8g@Sn9j
Davi Lima;dlima;K5d@Jr7h
Sofia Oliveira;soliveira;B4n@Qp6s
Enzo Castro;ecastro;D8w@Ym3t
Carolina Santos;csantos;H7e@Wq2y
Felipe Almeida;falmeida;J4s@Zk6n
Manuela Pereira;mpereira;R6f@Gp3q
João Rodrigues;jrodrigues;V9r@Nt4y
Isabella Costa;icosta;N7k@Et3u
Lucas Martins;lmartins;U2g@Xn4r
Larissa Ribeiro;lribeiro;Q8d@So7j
Gabriel Lima;glima;T3h@Rm5p
Juliana Castro;jcastro;K7b@Xn3v
Guilherme Oliveira;goliveira;Z6m@Qp4n
Ana Sousa;asousa;F5r@Lw2e
Felipe Costa;fcosta;V8t@Ym3s
Mariana Ferreira;mferreira;X5g@Hn9b
Matheus Santos;msantos;J4b@Ko8q
Sophia Almeida;salmeida;E6n@Ws9h
Rafael Castro;rcastro;G5p@Dq6y
Laura Martins;lmartins;L3s@Yt7n
Pedro Oliveira;poliveira;N9s@Pm4t
Isabela Costa;icosta;Q6m@Rn3s
Lucas Ribeiro;lribeiro;W8k@Yb6n
Larissa Santos;lsantos;G4f@Hq5s
Guilherme Lima;glima;T9n@Wp3r
Sophia Castro;scastro;R7d@Km4p
Rafael Almeida;ralmeida;U4g@Yn7b
Gabriela Martins;gmartins;S6h@Jp9m
João Rodrigues;jrodrigues;K9w@Gt2e
Beatriz Silva;bsilva;D3f@Qm5p
